<?xml version="1.0" encoding="UTF-8"?>
<Configuration status="WARN">
    <!-- Define appenders -->
    <Appenders>
        <!-- Console appender -->
        <Console name="ConsoleAppender" target="SYSTEM_OUT">
            <PatternLayout pattern="%d{yyyy-MM-dd HH:mm:ss} %-5level %logger{36} - %msg%n"/>
        </Console>

        <!-- File appender -->
        <File name="FileAppender" fileName="logs/application.log" append="true">
            <PatternLayout pattern="%d{yyyy-MM-dd HH:mm:ss} %-5level %logger{36} - %msg%n"/>
        </File>
    </Appenders>

    <!-- Define loggers -->
    <Loggers>
        <!-- Root logger configuration -->
        <Root level="info">
            <AppenderRef ref="ConsoleAppender"/>
            <AppenderRef ref="FileAppender"/>
        </Root>
    </Loggers>
</Configuration>
